,Normal,Suspect,Pathological,accuracy,macro avg,weighted avg
precision,0.9468503937007874,0.8666666666666667,0.8545454545454545,0.9294670846394985,0.8893541716376362,0.9272618441218644
recall,0.9816326530612245,0.6770833333333334,0.9038461538461539,0.9294670846394985,0.8541873800802372,0.9294670846394985
f1-score,0.9639278557114228,0.7602339181286549,0.8785046728971962,0.9294670846394985,0.867555482245758,0.9263155931498468
support,490.0,96.0,52.0,0.9294670846394985,638.0,638.0
