,Normal,Suspect,Pathological,accuracy,macro avg,weighted avg
precision,0.9417670682730924,0.7590361445783133,0.8245614035087719,0.9075235109717869,0.8417882054533926,0.9047186932849365
recall,0.9571428571428572,0.65625,0.9038461538461539,0.9075235109717869,0.8390796703296703,0.9075235109717869
f1-score,0.9493927125506073,0.7039106145251397,0.8623853211009175,0.9075235109717869,0.8385628827255549,0.9053634558643554
support,490.0,96.0,52.0,0.9075235109717869,638.0,638.0
