,Normal,Suspect,Pathological,accuracy,macro avg,weighted avg
precision,0.923828125,0.7469879518072289,0.9302325581395349,0.9012539184952978,0.8670162116489212,0.8977409367503916
recall,0.9653061224489796,0.6458333333333334,0.7692307692307693,0.9012539184952978,0.7934567416710273,0.9012539184952978
f1-score,0.9441117764471058,0.6927374301675978,0.8421052631578947,0.9012539184952978,0.8263181565908662,0.8979734129143914
support,490.0,96.0,52.0,0.9012539184952978,638.0,638.0
