,Normal,Suspect,Pathological,accuracy,macro avg,weighted avg
precision,0.9420849420849421,0.8783783783783784,0.9347826086956522,0.9341692789968652,0.9184153097196576,0.9319038269563007
recall,0.9959183673469387,0.6770833333333334,0.8269230769230769,0.9341692789968652,0.8333082592011163,0.9341692789968652
f1-score,0.9682539682539683,0.7647058823529411,0.8775510204081632,0.9341692789968652,0.8701702903383576,0.9302333263503938
support,490.0,96.0,52.0,0.9341692789968652,638.0,638.0
